FirstName,LastName,address,city,state,zipcode,phoneNumber,email
Milind,Dhote,D-129 Devendra Nagar,raipur,chhattisgarh,123456,2341243144,milinddhote77@gmail.com
Sarvesh,Motlag,Devendra Nagar,Bhilai,Chhattisgarh,123456,3214569872,sarvesh18@gmail.com
Abhishek,Verma,sundar Nagar,Raipur,Chhattisgarh,123456,2771741544,balma@gmail.com
shivam,Dewangan,Amlidhi,Durg,karnataka,123456,2341243144,shivam786@gmail.com
Aryamaan,Tiwari,lakhe Nagar,Kasol,Himachal pradesh,42325,134141414,aryamaan00@gmail.com
Pratik,Doshi,Fafadhi,Ahmedabad,Gujarat,143143,1432141414,doshi007@gmail.com
Naman,Chawala,kharora,Raipur,Chhattisgarh,14314,1441414,naman21@gmail.com